name,price
DJI Mini 3 Pro Drone with RC Remote Controller,£859.00
DJI Mini 3 Pro Drone with RC-N1 Remote Controller,£649.00
DJI Mini 3 Drone with DJI RC Remote Controller,£669.00
DJI Avata Pro-View Combo,£1199.00
DJI Mavic 3 Classic Drone with DJI RC Remote Contoller,£1529.00
DJI Mini 3 Drone,£439.00
DJI Mini 3 Fly More Combo with DJI RC Remote Controller,£810.00
DJI Mini 3 Fly More Combo with RC-N1 Remote Controller,£660.00
DJI Mini 3 Drone with RC-N1 Remote Controller,£519.00
DJI Avata Drone,£499.00
DJI Mavic 3 Drone,£1719.00
DJI FPV Combo,£859.00
DJI Avata Fly Smart Combo,£989.00
DJI Mavic 3 Cine Premium Combo,£4279.00
DJI Air 2S Fly More Combo,£999.00
DJI Mavic 3 Fly More Combo,£2299.00
DJI Mavic 3 Classic Drone with RC-N1 Remote Controller,£1399.00
DJI Air 2S Drone,£769.00
Autel Evo II Pro V3 Drone in Orange Rugged Bundle,£2249.00
DJI Mavic 3 Classic Drone,£1309.00
Autel Evo Nano Drone in Orange,£599.00
